21.5032402437567,8.72167359288745,0.0324155177803088
22.1157973449036,8.71623409929137,0.00914194769017211
22.7287511679011,8.6966861090228,-0.0132576998273777
23.340433738625,8.66193333204009,-0.0347956598783052
23.9508624962154,8.61505446530228,-0.054830372742228
24.5626315824095,8.56036405090572,-0.0739548436994341
25.1763520970227,8.49775963989534,-0.092862050144159
25.789220909747,8.41991743102278,-0.11068571002395
26.4041732310499,8.32888523552328,-0.126447894752442
27.0191852057346,8.22513184541163,-0.141282255898916
27.6322654282129,8.12053169524942,-0.155871469392628
28.2467390643589,8.01183575903409,-0.168794689736518
28.862280746496,7.89681207779497,-0.179979131626113
29.4769622393752,7.77147654539399,-0.190385880541752
30.0967513730353,7.63324212251742,-0.200234539735423
30.7196854805727,7.49255328280245,-0.209708729902704
31.3431640110901,7.3491022643166,-0.219003765847841
31.9656281735947,7.20688129535095,-0.228391669401902
32.5846695898576,7.05420200674956,-0.237185626656818
33.2034139688835,6.8961728997403,-0.245059735756638
33.8266379245747,6.73170409622299,-0.253500628704955
34.4547395517324,6.5657392135706,-0.262256368622211
35.0823504162812,6.39471899242757,-0.270413202535363
35.7064151017492,6.21399510404759,-0.278401672721152
36.3282074704513,6.02800876496063,-0.286303695321328
36.9519552593987,5.84010028492006,-0.293866637232994
37.5790896484314,5.65457116443348,-0.30112158999926
38.2068698278587,5.46127612845505,-0.308233465795969
38.8336863368615,5.26092394883499,-0.314909108556402
39.4583548105223,5.05275828380875,-0.321139813439
40.0818330672506,4.84206407612536,-0.327600897255236
40.705805362522,4.62781581333026,-0.3346507735721
41.3314869088559,4.41081695665195,-0.341214265481808
41.9563855205728,4.18871027158599,-0.3472374641837
42.5800302266513,3.96125737317825,-0.353569367723374
43.2020794144976,3.72638708444048,-0.359829898222413
43.8233731440528,3.48769018834317,-0.365563173385776
44.4439496071662,3.24403043509423,-0.371643279908895
45.0644359100551,2.99838783792617,-0.377638586354718
45.6837342752908,2.75111695877943,-0.382948687206799
46.3026931792099,2.50143850193316,-0.388134281951562
46.9179135389742,2.24358008466722,-0.3938098128467
47.532991550469,1.98205371514199,-0.398938785712577
48.1505063192351,1.72051504341196,-0.403545264065319
48.7696886520107,1.45950751979581,-0.408189911720898
49.3876928986174,1.19317090086964,-0.412677142369226
50.003281082349,0.921985355930492,-0.416784735892772
50.6169149327481,0.649097115770766,-0.421109443557878
51.2303848837789,0.374839853157219,-0.425898300393946
51.8443398492229,0.0955350316463413,-0.430228415729673
52.4586920660163,-0.187650178492051,-0.434141656158624
53.0719479986138,-0.472258485440945,-0.438550265907044
53.6847797701712,-0.759549099675199,-0.442986395455586
54.2980537705227,-1.05016384716101,-0.446956551328057
54.9104368695956,-1.34372549529816,-0.451010446253239
55.5222393352579,-1.64013281090095,-0.455573697533904
56.1336415906165,-1.93989917663569,-0.46003412118438
56.7448471644946,-2.24146258277897,-0.464543461972865
57.3540230212436,-2.54585490788882,-0.469627116579076
57.9624105826774,-2.8558841419833,-0.474641988847683
58.5706336251655,-3.17245544786776,-0.479525201473273
59.1796183483407,-3.49188040609253,-0.484786814664288
59.7876899469293,-3.81163392040792,-0.490196947112218
60.3944550710665,-4.13331736212674,-0.495460041164314
60.9982952456189,-4.4615468068302,-0.501189903950636
61.5991509428294,-4.79614297606677,-0.50697572708619
62.2011399083032,-5.1339413909613,-0.512672779047501
62.8037883590383,-5.47530790009906,-0.518650971169496
63.4071002234027,-5.82092833505957,-0.524835325574497
64.0088817281889,-6.17101767176723,-0.530660265290942
64.6103627862437,-6.52566744913991,-0.536366261810365
65.2105565878171,-6.88824101835211,-0.542261494096482
65.8102253615485,-7.25654862920094,-0.548030537120946
66.4109106605264,-7.62186164025549,-0.553501632648882
67.0080776831627,-7.98928684291791,-0.559824647191674
67.6025544576058,-8.36303095403305,-0.566068132604184
68.1937779431883,-8.74443414453693,-0.571914285319715
68.7862694979013,-9.13054252564733,-0.578528270965545
69.3796280948394,-9.52049736134255,-0.585247803195341
69.9740880655482,-9.91263852520182,-0.591416832325937
70.5645118100849,-10.3105891890224,-0.597663831460596
71.1539303976455,-10.7136756165538,-0.603820357559983
71.7421315753161,-11.1212307416602,-0.609228355827363
72.3296176939089,-11.530062514294,-0.614474726991275
72.9168450746439,-11.9435584217301,-0.619909139332161
73.5044714928461,-12.3635981933512,-0.625659342834561
74.0929490942442,-12.7875909698509,-0.631620201667731
74.6779838463125,-13.2168347257539,-0.637828739644769
75.2613611710096,-13.6512905411205,-0.64372514891922
75.844132409005,-14.0906823151585,-0.649423114453189
76.4247901829068,-14.5347468267273,-0.655467761876666
77.004844634256,-14.9845401068619,-0.661459879897434
77.5862935959347,-15.4375611836501,-0.667346341420994
78.1669774941187,-15.894960572732,-0.673529395251564
78.7449840399747,-16.3585051619934,-0.67970270202931
79.3229491538494,-16.8262095262961,-0.68595727795743
79.8997069223342,-17.2982813650112,-0.69233486579265
80.4735303487119,-17.7784908412408,-0.698821489932354
81.0467924249124,-18.261923846305,-0.705126728555018
81.6196140683517,-18.7512633201367,-0.711653947127747
82.1917963005848,-19.2469234578013,-0.718218854167925
82.7614109789076,-19.7483683864495,-0.724541375505518
83.3295779524789,-20.2547677153076,-0.731145375118714
83.8945144683647,-20.7657528676591,-0.737884553994766
84.4576936820821,-21.2818374020257,-0.74455529136085
85.0181042434351,-21.8059206070568,-0.75135490333418
85.5784066983956,-22.3338413187676,-0.758029073787875
86.1389051292513,-22.8640116111189,-0.764910935988684
86.6955227215389,-23.4008494401462,-0.772079379990347
87.2475683436415,-23.9460496102082,-0.779184160475022
87.7991131881701,-24.4954528336686,-0.786506973274064
88.3505744341877,-25.0496878744581,-0.793993681373695
88.8967525661365,-25.6105230643651,-0.801003491495191
89.4384739600885,-26.1778913806925,-0.807544428311208
89.9801023392574,-26.7495464889032,-0.814027632374398
90.5205885066002,-27.3253178890458,-0.820668787382995
91.05916964553,-27.905967848459,-0.827170385929937
91.5920130914182,-28.4907355630874,-0.833580810305613
92.1219306321044,-29.0769574926919,-0.840447494150146
92.6491715776605,-29.6655754233532,-0.847401006933878
93.1691638930635,-30.2568781808933,-0.854544634443629
93.6836113515108,-30.8531871214024,-0.861756572094328
94.1951946975029,-31.4520392852699,-0.869133203743309
94.7032527492779,-32.0548592976441,-0.876648020653637
95.2058638695108,-32.6648195239073,-0.883754237546735
95.7027033701564,-33.2791054075627,-0.890747677373167
96.1931557922223,-33.8933685640673,-0.898008900546275
96.6835070079957,-34.5073205070599,-0.905161287601497
97.167849178992,-35.1250326577783,-0.912071099713954
97.6468661787031,-35.7457789056685,-0.918945552895602
98.1217508347398,-36.3694482095617,-0.925815083448546
98.5910169167659,-36.9964086688148,-0.932806036611681
99.057259082318,-37.6279755179382,-0.939689474881179
99.5227451179214,-38.2624022671465,-0.946589016135126
99.9822172214244,-38.9009796265971,-0.953090136934302
100.433081084796,-39.5445473266246,-0.959423725728285
100.879792395897,-40.1892008852035,-0.965732917708842
101.323067129164,-40.8347366657411,-0.972312091831449
101.763522342021,-41.4839637611057,-0.97896161085891
102.199984031295,-42.1366374919679,-0.985239338625498
102.630890944463,-42.7925803955781,-0.991674236629624
103.060238451412,-43.4517618422716,-0.998077177167615
103.486560553718,-44.1135414497297,-1.00431712407387
103.906463677516,-44.7782699174153,-1.01070245060784
104.322942707363,-45.4456138302061,-1.0171555027711
104.737251331693,-46.1140422888483,-1.02356251877049
105.146797030385,-46.7863304324729,-1.03001443170522
105.553508561811,-47.4621883159668,-1.03637893689661
105.955975997018,-48.1412414026577,-1.04267480783452
106.352519709663,-48.8235999498774,-1.04896940127353
106.743193450462,-49.510090878469,-1.05543894036183
107.130807750404,-50.1999957545181,-1.06192215265564
107.515524100919,-50.8931834154729,-1.06853170717245
107.897728181516,-51.5874702563511,-1.07502984832954
108.27390858698,-52.2862346159439,-1.08110971757284
108.643557487085,-52.9877306599605,-1.08749993810849
109.00971810274,-53.6902598923839,-1.09387871146836
109.371639311181,-54.3965691564628,-1.10047371325634
109.728726344182,-55.1073168757771,-1.10705055845696
110.086902169207,-55.8216642303859,-1.1133996575569
110.440435421455,-56.5396305532016,-1.11963599839164
110.786222219956,-57.2604455298847,-1.12602486146652
111.127565053512,-57.9817381771942,-1.13229612716891
111.463336945803,-58.7020479965714,-1.13938837740789
111.796277024651,-59.4272360906117,-1.14662955378009
112.126594757302,-60.1549331729747,-1.15342066272795
112.451489077264,-60.8855537741089,-1.1605504257174
112.768598454974,-61.6190359016612,-1.16785930565953
113.082798563554,-62.3548376005192,-1.17466367636815
113.393470051125,-63.0932521201467,-1.18200968627264
113.699378433048,-63.8345796497939,-1.18935720893155
113.998066927288,-64.5789257864565,-1.19623548663681
114.291685813328,-65.3238498230716,-1.20358593359963
114.580999417556,-66.0721314950251,-1.21093336635802
114.86269241966,-66.8225491254827,-1.21809367517957
115.137228790275,-67.5768377455795,-1.22532298586127
115.407529877385,-68.3340651154258,-1.23247263920044
115.673388680116,-69.0919920151939,-1.23964018758386
115.934731611089,-69.8520633600726,-1.24699142297286
116.189653259215,-70.6146796627242,-1.25394092490788
116.435863487115,-71.380954415749,-1.26098449077228
116.680480395233,-72.1487856031449,-1.26798516477862
116.922539925143,-72.9176818927519,-1.27460730876382
117.157351319852,-73.6905448936183,-1.28111646931454
117.385462155994,-74.465891768313,-1.28795885567981
117.610656763958,-75.2432244285187,-1.29441057387035
117.829599019086,-76.0237756926607,-1.30131549728426
118.042466048493,-76.8075938241283,-1.30797376025792
118.252711637822,-77.5929300787555,-1.3142136208333
118.4561971294,-78.3790771734886,-1.3209520119845
118.655796008273,-79.1656190519412,-1.32723535359568
118.851561840275,-79.9540907002507,-1.33327425098953
119.043464625973,-80.7457275058579,-1.33968424051654
119.229754115033,-81.5396284972363,-1.34557150039446
119.412724588473,-82.3361942396845,-1.35137883096404
119.592364340934,-83.1347012926967,-1.35740696831782
119.767779608439,-83.9335601551531,-1.36281608388609
119.936285933156,-84.7344834388111,-1.36837223900766
120.101632380804,-85.5378366318595,-1.37366477895115
120.263706461817,-86.3437441963241,-1.37836262945104
120.421765999323,-87.1530682755479,-1.38314427315265
120.576724517706,-87.9639284513022,-1.38757817719024
120.727720733145,-88.7733403791195,-1.39134243463839
120.878063679345,-89.580876878068,-1.39532925120611
121.025661992818,-90.3902816716169,-1.39851439789025
121.169949746891,-91.2040235492966,-1.40164007995211
121.311633964391,-92.02108468298,-1.40465362392825
121.45539320989,-92.8379894763996,-1.40739949879821
121.596207220878,-93.6527679173026,-1.41042416130638
121.733370180663,-94.4683543911281,-1.41316131780535
121.867131974384,-95.2866211765782,-1.41512802920854
122.001393675984,-96.1074279209409,-1.4172611576834
122.136362080661,-96.9290333833513,-1.41918025612083
122.269877510404,-97.7500960562923,-1.42083106387798
122.402824753056,-98.5705811611951,-1.42251969608344
122.535154488721,-99.3926913061314,-1.42383437799821
122.661818825226,-100.216516577359,-1.42514341251882
122.791579878092,-101.040854104964,-1.42634615116684
122.922466113715,-101.864952993556,-1.42716655670549
123.051812968464,-102.687512586784,-1.42802661773112
123.180082749185,-103.509694185148,-1.42858145759403
123.307445991964,-104.334353485642,-1.42884836777313
123.436125251097,-105.160152407811,-1.42941273665877
123.566099599564,-105.985504020828,-1.42946461128959
123.697198422059,-106.808826478853,-1.4293444773988
123.826085337471,-107.633026336871,-1.42914712721927
123.956068289561,-108.458566193083,-1.42779743731024
124.085755097952,-109.285991368149,-1.42668646221742
124.220001039234,-110.112408892519,-1.42491277421239
124.354366014873,-110.938568099051,-1.42233180780776
124.490138617417,-111.765292397782,-1.41961995202967
124.628323568939,-112.589039291054,-1.41647189622322
124.772138881079,-113.410779659139,-1.41273470908303
124.918979044187,-114.231099997353,-1.40943231291496
125.070475875209,-115.049501645111,-1.40543427490663
125.222751849156,-115.868576013505,-1.40135152848909
125.377217118232,-116.683289667446,-1.39738057831037
125.537782396891,-117.489781918456,-1.39302960581479
125.700781567242,-118.288920149946,-1.38893234192681
125.864416832822,-119.080248349255,-1.38430563094657
126.0284956877,-119.867362927666,-1.37964725058706
126.197380328239,-120.648078180254,-1.3754670429098
126.372113112811,-121.422704237965,-1.36993571555279
126.546544889433,-122.190697215931,-1.36623638860545
126.718072302899,-122.951821427164,-1.36154486933957
126.894804942881,-123.707551352734,-1.3561816006568
127.081488776899,-124.459013343698,-1.35103501236728
127.271024755836,-125.203218485286,-1.34598419846785
127.454058402069,-125.942425267729,-1.33993688318874
127.636862990607,-126.67368407141,-1.33411121821972
127.828290390274,-127.393889517181,-1.32905952252514
128.026654815285,-128.107322893685,-1.32383996999468
128.21787275728,-128.816709433123,-1.31818360730858
128.413484329334,-129.521261433387,-1.31266529101637
128.610647848211,-130.218046254015,-1.3073446327633
128.80888086054,-130.907174232615,-1.30236956426342
129.008655774181,-131.59558142307,-1.29689259314108
129.216835734507,-132.277117091624,-1.29210163469597
129.428841369197,-132.949967686566,-1.28731241374572
129.639275236958,-133.617733331046,-1.28235404898341
129.852475066147,-134.278695704807,-1.27732181740888
130.066131961657,-134.932589600629,-1.27268689753006
130.283530826761,-135.578816621677,-1.26897985198623
130.502930195032,-136.21715305912,-1.26630857377435
130.719970112273,-136.843597847661,-1.26440807437456
130.927826179516,-137.461330504928,-1.26388938871294
131.129721626157,-138.073811373702,-1.26369592048795
131.332218080958,-138.676060559349,-1.26396421767931
131.529074648597,-139.267812320514,-1.26537013818274
131.7190967984,-139.850317355108,-1.26767141963713
131.89908295565,-140.427849002217,-1.27064149716192
132.073014760842,-140.997922215716,-1.27472907247619
132.241830477865,-141.560986232222,-1.28069388146177
132.406444513653,-142.120115385729,-1.28739700452284
132.563302432406,-142.677933880319,-1.2947607069378
132.710214893073,-143.230459689531,-1.30362987147773
132.848243621297,-143.77753389229,-1.31451313601507
132.975793108727,-144.321568384755,-1.32644486273963
133.094905198546,-144.863942283082,-1.33995754601486
133.202688400336,-145.406225635954,-1.35553568021612
133.29798018134,-145.948101908661,-1.37307371857192
